full_name;gender;age;country;income;number_of_dependents;dietary_requirements
Washington Orehead;Polygender;48;United States;142010.11;3;
Lorna Faircliff;Female;48;Afghanistan;74944.80;4;
Stanton Stokell;Male;89;Indonesia;91147.66;1;
Nealson Prudham;Male;51;Nigeria;139649.56;4;
Veronike Beardsdale;Female;65;France;130932.64;1;Lactose free
Joan Broddle;Female;87;Japan;82801.84;3;
Lavinie Riggoll;Polygender;69;Philippines;86616.69;1;
Sarena Dedam;Female;32;Russia;102568.39;2;
Magdalena Diehn;Female;43;Vietnam;88518.17;5;FODMAP
Poul Speechly;Male;75;Ethiopia;29814.97;3;Gluten free
Leontine Harsnep;Female;71;China;125415.27;3;Paleo
Erma Antram;Female;22;Ukraine;51541.94;1;
Irita Pymm;Female;84;Myanmar;80826.44;4;Nut Allergies
Mahalia Swigg;Female;88;Madagascar;113188.11;5;
Ivor Mailes;Male;75;Philippines;98638.29;4;Vegan
Nani Berndtssen;Female;34;Indonesia;83397.45;2;
Timotheus Pridie;Male;50;Venezuela;42693.80;0;Fish Allergies
Putnem Dawe;Male;23;Indonesia;108527.95;1;Ketogenic
Ray Hehir;Male;78;Pakistan;121653.46;1;Nut Allergies
Foster Eddoes;Male;31;China;103923.34;0;
Rubetta Govini;Polygender;20;Greece;35658.25;3;
Kennie Worthing;Male;75;Philippines;141498.16;0;Vegan
Ossie Brookton;Male;68;China;134928.29;4;Paleo
Ursala Treadgold;Female;37;Philippines;24720.02;3;Fish Allergies
Brannon Pizzey;Male;30;Indonesia;127460.62;3;
Janeta Killich;Female;60;Colombia;143171.07;4;
Murry Boyes;Male;84;Honduras;92094.34;0;
Edsel MacPaden;Male;29;Nigeria;146657.92;2;
Lissa Dabnor;Female;88;Russia;128207.61;0;FODMAP
Maddy Arnecke;Male;70;Poland;90535.92;3;Gluten free
Lilian Kilcullen;Female;88;Sweden;88284.54;5;FODMAP
Garner Andresser;Male;54;Indonesia;145385.47;0;
Yoshiko Scanlin;Female;32;Greece;22060.84;4;
Ingar Greenrde;Agender;76;Greece;48976.06;0;
Candide Pumphrey;Bigender;44;United States;82670.42;4;
Karim Crickmore;Agender;29;Guatemala;133204.30;2;
Roxi Allden;Female;52;Russia;53273.78;3;Vegetarian
Moritz Bothe;Male;26;Macedonia;45150.63;2;
Donnie Duncanson;Male;59;China;38876.89;5;Vegetarian
Archibald Cram;Male;22;Czech Republic;133906.54;2;
Diena Springett;Female;42;Cuba;104759.81;4;Gluten free
Tomlin Caldayrou;Male;49;Portugal;40433.14;5;Vegan
Debora Girodon;Female;80;China;88653.08;3;Lactose free
Eward Gilding;Male;80;Egypt;146602.74;2;
Ancell Lyngsted;Male;57;China;73209.02;2;Vegan
Simone Featherstonehaugh;Female;82;Malta;44046.55;0;Vegan
Murray Marrian;Male;70;Mexico;149487.33;0;
Eamon Hardaker;Male;74;Russia;118199.52;4;
Anna Weatherall;Female;47;Afghanistan;104428.70;0;
Austine Danihelka;Female;61;United States;128230.82;0;
Hurley Stanier;Male;29;China;60558.90;0;Gluten free
Bradan Elverston;Male;64;Indonesia;46084.48;3;
Jeannine Heinritz;Female;49;Philippines;97757.66;5;
Hollis Worge;Male;61;Bulgaria;75978.72;5;Paleo
Irvine Jiggens;Male;52;Philippines;116854.62;1;Fish Allergies
Willy Hessle;Male;24;France;131091.52;5;
Marys Stanner;Female;80;Bulgaria;48748.99;5;
Hank Maddick;Male;36;Indonesia;92655.50;1;
Randolph McCorkindale;Agender;70;South Korea;74376.55;3;
Hew Grishkov;Male;85;Philippines;29746.24;2;
Sosanna McKeevers;Female;78;China;106433.42;3;Fish Allergies
Crystie Hullot;Female;55;Argentina;30251.83;4;Vegan
Lisetta Whear;Female;58;Philippines;35836.69;1;FODMAP
Minta Pauer;Female;74;Philippines;45240.26;0;Paleo
Rollin Laurant;Male;52;Indonesia;109568.06;3;
Artemus Boshard;Male;45;Belarus;21348.91;1;Fish Allergies
Libbie Letch;Female;48;Thailand;22271.13;1;Ketogenic
Teirtza Rawcliffe;Female;68;Spain;108089.03;1;
Amandie Crowley;Female;44;Pakistan;31999.41;0;Vegan
Stacia McEnhill;Female;52;Argentina;135069.65;1;
Connor Norbury;Male;19;Indonesia;74252.13;3;
Johannah Fiddiman;Female;85;Cuba;54009.12;1;
Eduard Ciccotti;Male;40;Indonesia;28949.83;1;
Julissa Chaytor;Female;59;Mexico;103674.96;4;Vegetarian
Henrieta Pummery;Female;63;Russia;129478.42;3;
Glennis Wolfendale;Female;77;China;46120.93;2;Nut Allergies
Cristen Lucken;Female;73;Moldova;85397.07;5;
Georgeanne Corgenvin;Female;37;Macedonia;124264.01;5;
Zebulon Anglin;Male;43;Indonesia;139728.34;0;
Skipper Do;Male;55;China;112045.13;3;
Cristal Bragge;Female;28;Indonesia;84873.71;4;
Joel Yetts;Male;30;Greece;89762.15;1;
Winn Cornell;Male;65;Indonesia;143263.97;5;
Joya Biggadike;Female;70;North Korea;34971.04;2;Paleo
Wesley Gerling;Male;71;China;31262.73;3;
Benton Brosenius;Polygender;85;Greece;139524.94;3;
Emmeline Bigly;Female;24;Canada;98008.49;1;FODMAP
Dasha McSpirron;Female;50;Kazakhstan;91600.85;5;Ketogenic
Ricki Emlen;Male;76;Mongolia;146546.21;3;
Camellia Finnes;Female;58;Indonesia;122967.19;1;Vegetarian
Marne Batrip;Female;19;Indonesia;117360.77;4;Ketogenic
Isabelita Di Meo;Female;63;Sweden;92590.14;3;Vegetarian
Gayle Kewish;Male;47;Dominican Republic;126535.27;4;Lactose free
Nevil Holgan;Male;28;Bangladesh;43908.66;4;
Nat Scimone;Male;28;Canada;133157.20;1;Fish Allergies
Konrad Waggatt;Male;30;China;76179.82;1;Ketogenic
Janeta Prettyjohn;Female;40;Poland;112754.71;0;
Nahum Pargetter;Male;70;Ireland;91943.57;2;
Sheffie Drogan;Male;85;Russia;50089.18;5;Gluten free
Hyman Berrey;Male;20;Czech Republic;129448.61;3;FODMAP
Syman Folca;Male;39;Indonesia;69631.68;5;Vegetarian
Edeline Ludlamme;Female;77;Uruguay;24724.30;0;
Leah Boneham;Female;21;Russia;91350.52;2;
Artemas McGray;Male;37;Russia;148849.05;4;Paleo
Aron Hunn;Male;54;Colombia;35967.42;4;FODMAP
Enrichetta Sleite;Female;44;Philippines;60552.01;1;FODMAP
Donnajean Lytle;Agender;59;Uzbekistan;46143.25;1;Ketogenic
Natalya Di Biasi;Female;28;Indonesia;21734.00;0;
Fannie Coke;Female;53;Japan;96003.67;5;
Enrico Kerrigan;Genderfluid;72;China;42536.75;1;Vegetarian
Benedict Zaczek;Male;19;China;67401.68;1;Nut Allergies
Gonzalo Powelee;Male;55;China;144554.38;3;
Malory Pitson;Female;38;China;127255.97;3;Vegetarian
Cassie Rheam;Male;42;South Korea;104312.44;3;
Fred Southerill;Female;41;New Caledonia;133740.24;5;Fish Allergies
Connie Northfield;Genderfluid;58;Peru;141235.65;5;Vegetarian
Pearce Tweedy;Male;88;Russia;147668.32;5;
Nestor Jakuszewski;Male;77;France;83879.17;4;Vegan
Murielle Feore;Female;63;Brazil;24756.00;5;FODMAP
Mortimer Kuna;Male;21;Vietnam;88085.83;3;FODMAP
Grata Grzelak;Female;62;Pakistan;147236.26;5;Fish Allergies
Fayina Hughesdon;Female;31;France;111896.06;4;Lactose free
Lek Wimpey;Male;66;Estonia;38155.59;5;
Phyllida Kewzick;Female;52;Germany;97080.83;4;
Thorvald Stanworth;Male;32;Portugal;79365.35;4;
Maureene Cockin;Genderqueer;21;Japan;126809.57;3;Vegan
Milt Ferrandez;Male;86;China;139039.46;2;Vegan
Inness Shaddock;Male;25;China;104373.06;5;Nut Allergies
Jard Pirt;Male;49;Armenia;118020.45;5;Vegan
Adelaida Kobiera;Female;81;Thailand;36484.30;1;Fish Allergies
Harv Plowman;Male;47;Cuba;147433.08;5;FODMAP
Henrieta Remnant;Female;79;Malawi;125250.57;4;Vegan
Lindsey Ripley;Male;65;China;128590.18;0;Nut Allergies
Phylis Goor;Female;81;Mongolia;37320.96;3;Nut Allergies
Peggy Dedman;Non-binary;74;France;102070.60;1;Vegetarian
Jamesy Bauman;Male;72;China;138077.97;1;Paleo
Rainer Durnall;Genderqueer;33;Colombia;28566.21;0;Ketogenic
Cathrin Flaherty;Female;35;South Korea;81708.75;3;Ketogenic
Desi Foden;Male;81;Palau;112078.95;2;Nut Allergies
Tedd Stonham;Male;20;Vietnam;109466.77;1;
Erny Rushford;Male;45;South Korea;111811.92;2;
Gaelan Rackstraw;Male;66;Portugal;145423.53;0;
Dulcia Rusbridge;Female;26;China;109726.17;3;Vegetarian
Terrel Greensitt;Male;25;Brazil;93904.82;4;Nut Allergies
Elvina Doig;Female;86;Indonesia;115934.97;0;Vegan
Anica Harsum;Female;76;Poland;96642.22;1;
Estell McIlhone;Female;69;Russia;111549.23;3;
Essy Qusklay;Female;78;Kazakhstan;141604.79;2;Ketogenic
Dyna Cripin;Female;25;Croatia;36321.27;0;Nut Allergies
Ami Giacomoni;Female;88;Brazil;93125.28;4;Nut Allergies
Kennie Pighills;Male;34;China;130633.56;5;
Emilee Ascroft;Female;35;Portugal;106642.31;5;Fish Allergies
Farrah Dunabie;Female;22;Brazil;142451.15;2;
Peria Dagworthy;Female;28;South Sudan;73903.41;5;Paleo
Rickie Trevena;Female;82;Sweden;123685.07;4;
Matt Navarro;Male;41;Sweden;95091.15;5;Paleo
Orland Haverson;Male;25;Russia;74193.18;5;FODMAP
Saree Verrillo;Bigender;59;Democratic Republic of the Congo;148813.86;3;
Gare Shirlaw;Male;53;Yemen;106486.19;5;FODMAP
Quintina Sturge;Genderqueer;46;China;132258.36;5;
Shelly Turle;Female;73;China;79101.08;1;Fish Allergies
Janot Badland;Agender;33;Zambia;112823.78;4;Nut Allergies
Caryl Beddon;Female;89;Ukraine;60375.83;3;FODMAP
Henrietta Sansum;Female;44;Canada;72512.12;4;Nut Allergies
Alaine Foresight;Female;27;Philippines;29980.51;5;
Benedetta Walworche;Female;77;China;59982.74;2;Paleo
Dennet Kornas;Male;70;Indonesia;94864.27;1;
Corty Kiddy;Male;23;Poland;87641.21;2;Lactose free
Irwinn Stachini;Male;25;Botswana;125560.51;1;
Domenico Lynch;Male;31;Madagascar;126704.67;3;Fish Allergies
Gayle Rosenkranc;Male;46;France;47337.49;3;Nut Allergies
Kassandra Fairhall;Female;70;China;36467.51;2;Gluten free
Camella Dunguy;Genderqueer;41;Zimbabwe;33529.73;5;FODMAP
Dorice Bruckstein;Female;49;China;36044.84;4;FODMAP
Adriano Wattisham;Male;79;Costa Rica;41174.60;3;Ketogenic
Winnie Aymes;Polygender;19;Canada;39609.31;5;
Hans Adderley;Male;45;Belarus;108420.35;5;Vegan
Lisa Neligan;Female;87;Sweden;24906.87;2;Paleo
Curt Hayler;Male;90;Croatia;63969.23;4;Vegetarian
Sharity Humerstone;Non-binary;52;United States;140728.23;3;Vegetarian
Ceil Oneil;Female;58;Thailand;129975.01;0;Ketogenic
Dulcy Scranney;Non-binary;81;China;112917.33;4;
Babette Gasnell;Female;43;Palestinian Territory;120864.22;0;
Fleming Dudbridge;Male;58;Burkina Faso;134867.18;4;
Tabbie Van Leijs;Female;84;China;22889.99;3;
Hilliary Lacotte;Genderfluid;30;Ukraine;100004.52;4;Vegetarian
Cathe Alishoner;Female;38;Poland;110807.62;2;
Charo Bricket;Female;64;China;104398.02;3;Vegan
Ebony Chasmer;Female;23;Russia;20499.70;5;Vegan
Selby O'Ferris;Male;65;Thailand;61109.17;3;
Uriel Hemms;Male;38;Philippines;27039.24;3;
Nathalia Gutsell;Female;74;Netherlands;45746.73;2;
Ingar McJarrow;Male;63;Mongolia;93214.79;5;
Ruddy Bischoff;Male;64;Sweden;144150.75;4;Ketogenic
Erastus Cullivan;Male;65;China;80605.43;4;
Fee Vynall;Polygender;65;Russia;79376.21;1;
Harriette Mcimmie;Female;39;Palestinian Territory;71930.57;1;
Nicolea Dutt;Female;77;Portugal;71354.04;2;FODMAP
Darn Hugenin;Male;77;Ukraine;114338.24;4;Fish Allergies
Ronica Dupre;Female;41;China;20384.84;1;
Patrick Greenslade;Male;80;China;99611.41;5;
Brina Blackhall;Genderqueer;86;Indonesia;115291.86;4;Gluten free
Niles Winsome;Non-binary;23;Russia;125281.12;0;
Allayne Painter;Male;29;Sweden;53238.31;5;FODMAP
Jereme Ede;Male;77;China;96867.19;5;Lactose free
Anatole Areles;Male;54;Netherlands;70597.41;0;Lactose free
Osbourn Woodeson;Male;27;Sweden;59789.43;2;
Dun Kernley;Male;20;Russia;32565.00;4;Gluten free
Guss O'Henecan;Male;85;Tanzania;54818.87;4;
Valentijn Menchenton;Male;60;China;99890.06;0;FODMAP
Mufinella Mulford;Bigender;90;Somalia;78230.56;1;
Karyn Hughson;Female;57;Russia;71942.62;0;
Gwenneth Cranke;Female;33;Poland;58809.64;2;
Beverley Brazel;Female;37;Philippines;146479.35;5;Gluten free
Sammy Sarginson;Female;39;China;71651.41;5;
Frederick Etchells;Male;18;Mali;83488.37;4;Vegetarian
Alyosha Stanlike;Male;57;China;31964.63;1;Nut Allergies
Starlin Cranna;Agender;73;France;48269.82;1;Vegan
Gaven Hallt;Male;35;Brazil;108562.49;3;FODMAP
Waylan Keener;Polygender;27;Kyrgyzstan;54790.76;2;
Jana Swalteridge;Female;44;Iran;104352.05;2;Vegetarian
Alon Fitchew;Male;60;Nicaragua;32488.70;4;Vegetarian
Tobie Heady;Male;20;France;118950.31;4;Gluten free
Amby Bromilow;Male;20;Belarus;103225.69;1;
Wendeline Heinsius;Female;75;Honduras;105576.06;5;
Mallissa Robeson;Female;41;Portugal;115320.75;2;
Lenna Drever;Female;81;Serbia;102054.47;1;Vegetarian
Adora Lesor;Genderqueer;50;Portugal;102184.56;4;Gluten free
Joya Norcliffe;Female;68;Togo;118918.62;0;Vegetarian
Marianna Gaudin;Female;79;China;79848.89;2;
Netty Everington;Female;52;China;80290.38;1;
Hedvig Brunotti;Female;75;Russia;24337.60;5;Nut Allergies
Nicolais Blackney;Male;53;Sweden;115867.18;0;
Carolee Eyckelbeck;Female;48;Canada;134842.40;5;Vegan
Truda Paladini;Female;84;France;72525.33;1;Nut Allergies
Francklin McCutheon;Male;43;France;62119.37;2;
Andrus Birkmyre;Male;74;Norway;136478.67;0;Vegetarian
Arluene Stanyland;Female;19;Colombia;121516.20;3;Ketogenic
Gretta Liddyard;Genderfluid;33;Indonesia;145099.89;1;Nut Allergies
Prissie di Rocca;Female;18;China;37780.98;3;
Sam de Nore;Polygender;57;Czech Republic;80681.96;3;Ketogenic
King Rudsdell;Male;43;Guatemala;65700.94;0;
Licha Dengate;Female;35;Argentina;38552.38;3;
Floria Van Castele;Female;38;Venezuela;59429.26;4;
Amandie Summerill;Female;44;Thailand;128166.97;5;
Ula Stafford;Female;85;Mexico;26217.17;2;Lactose free
Stanislas Brushfield;Male;87;Afghanistan;110935.89;5;Vegetarian
Talyah Kernell;Female;26;Turkmenistan;28962.90;5;Nut Allergies
Barri Palfreyman;Male;47;Greece;105552.43;0;
Adda Clowley;Agender;57;Indonesia;142518.36;5;
Lauree Grob;Female;31;China;74598.44;2;
Anne-marie Masham;Female;41;Cyprus;119752.61;5;
Monty Nickoles;Male;67;France;125621.70;1;FODMAP
Anett Cicconetti;Female;46;Greece;58132.95;4;
Pierrette Reignould;Female;51;Bangladesh;111657.46;5;
Urbain Holberry;Male;49;Brazil;58014.08;4;Paleo
Reynolds Brickwood;Male;52;Cape Verde;33713.90;2;
Della Tatem;Female;29;Brazil;58488.17;1;
Jessee Jervis;Male;58;China;117138.03;1;
Davide Overy;Male;30;Argentina;109605.44;3;
Thomasina De Cruz;Female;86;Netherlands;100218.71;3;
Dominic Potte;Male;78;Bhutan;136058.52;0;
Theresita Laxon;Female;38;Germany;88445.63;2;Ketogenic
Quentin Emmot;Female;64;France;121245.49;0;Vegetarian
Darline Fausch;Female;32;Brazil;143784.26;1;FODMAP
Pet McClunaghan;Bigender;58;Indonesia;79555.36;5;
Curtice Lackney;Male;61;United States;42147.48;4;Paleo
Fawne Marryatt;Female;87;Poland;43462.60;1;
Eliot Barkhouse;Male;38;China;133904.91;5;Gluten free
Petra Sibson;Female;60;Nigeria;44186.70;0;Vegan
Skipton Curl;Male;49;United Kingdom;22626.84;1;
Vivyan Weepers;Female;31;Philippines;51727.13;1;Paleo
Bert Seabon;Genderfluid;80;Madagascar;40989.86;5;
Kerrill Covotto;Female;41;Brazil;40718.97;3;Paleo
Rosie Glawsop;Female;75;France;21478.33;5;Paleo
Bellina Noye;Female;62;Russia;142612.37;5;
Eldin Swaffer;Male;45;Russia;43525.66;2;
Katharyn Schober;Female;75;Macedonia;82744.03;5;Fish Allergies
Anette Bunting;Non-binary;80;Chile;78176.68;2;
Thoma Bunstone;Male;22;Indonesia;41277.20;3;Ketogenic
Bran Barhem;Male;39;Portugal;136787.05;1;Vegetarian
Wolfie Arrol;Male;61;Iran;149542.03;5;
Mattheus Plaice;Male;23;Morocco;108204.74;1;
Timi Myner;Genderqueer;24;China;52997.80;2;Lactose free
Kacy Gilleson;Female;55;Argentina;144981.96;1;Lactose free
Jesse Cleverly;Female;51;Poland;146416.84;4;FODMAP
Bride Bittany;Female;85;China;25128.74;4;
Kennith Cutchee;Male;31;China;106577.94;1;Vegan
Rafaelita Matteo;Female;32;China;62325.60;2;Paleo
Berton McPartling;Male;62;Indonesia;75220.44;1;
Rollo Gatchell;Male;87;Argentina;34459.25;2;
Stormie Cornelis;Agender;83;Indonesia;30537.14;0;Nut Allergies
Timothy Thunders;Male;90;Indonesia;94627.43;3;Paleo
Beck Manchester;Male;49;Philippines;40894.84;5;
Kristy Papachristophorou;Female;83;Portugal;91331.41;5;
Susanetta Perocci;Female;87;Austria;110844.58;3;
Vidovik Gerren;Male;59;Indonesia;46616.41;1;
Benito Pealing;Male;61;Philippines;116102.30;0;
Judd Portman;Male;45;Argentina;20305.21;4;Ketogenic
Alameda Anthona;Non-binary;82;Russia;73129.16;2;
Angelina Butten;Genderqueer;44;Poland;97724.77;3;Gluten free
Ivie Deabill;Female;18;Czech Republic;127502.73;2;
Michael Kaufman;Male;41;Croatia;65686.58;5;Nut Allergies
Colline Rosenblum;Female;53;China;89542.57;0;Paleo
Harley Hughf;Male;30;Canada;126978.22;4;
Fancy Strevens;Female;65;China;136667.49;0;
Angelo Kauble;Male;30;Russia;124667.15;2;
Camila Siderfin;Female;32;China;44281.70;5;
Tades Raulston;Male;34;Serbia;49566.46;0;
Miof mela Haggata;Female;39;Indonesia;80700.59;0;Ketogenic
Leoline Fielder;Female;27;Costa Rica;61173.67;1;Fish Allergies
Candra Janzen;Female;59;Nigeria;66506.22;3;Fish Allergies
Caddric Albasiny;Male;50;China;54314.70;3;Paleo
Hagen Powley;Male;72;Brazil;92056.57;4;
Wrennie Pretswell;Genderqueer;76;Macedonia;89595.38;3;
Arie Atkyns;Male;18;Mexico;21822.55;0;Gluten free
Carrol Cato;Male;54;Togo;149599.83;1;
Winifred Clemenceau;Female;60;Russia;35310.39;4;Nut Allergies
Heindrick Ferryn;Male;56;Colombia;99789.74;5;Vegan
Antonetta Belf;Female;50;Uganda;41237.84;4;Ketogenic
Agnes Kettel;Female;30;Portugal;40973.68;3;
Tan Janas;Male;88;France;113953.78;3;
Borden Chatainier;Male;37;Argentina;123917.61;1;Paleo
Melonie Chatband;Female;61;Poland;113868.79;0;FODMAP
Christiane Ladlow;Female;47;Macedonia;38045.38;3;FODMAP
Dougy Macvey;Male;52;Serbia;55185.82;4;Vegetarian
Tate Rizzardo;Male;46;Indonesia;41654.18;5;
Durant Ellerbeck;Male;82;China;62068.34;1;
Griffin Shipsey;Male;42;China;53664.12;0;
Siouxie Sothern;Female;27;Palestinian Territory;64798.62;2;
Barbara-anne Stoves;Female;59;Canada;139571.84;4;Nut Allergies
Gena Braunstein;Female;72;Italy;48656.69;5;
Tracee Chadbourne;Female;55;France;57581.32;4;
Valaree Haggeth;Female;66;Indonesia;25369.74;3;
Avictor Gomez;Male;18;China;116515.46;3;
Sosanna Anten;Non-binary;69;United States;52692.96;5;Vegetarian
Kelila Le Conte;Female;67;Nigeria;75587.66;1;FODMAP
Anneliese Dismore;Female;31;Tunisia;86643.72;3;Lactose free
Ephrem Calliss;Male;83;Azerbaijan;54979.15;3;
Delores Barette;Female;43;Indonesia;70120.93;3;
Evan Robez;Male;62;Indonesia;20193.57;0;
Ody Chaikovski;Male;25;Chile;36561.65;2;
Derick Richardt;Male;30;Tanzania;57316.71;4;
Cyndi Hollows;Female;42;Tunisia;41733.17;0;
Sherri Terrazzo;Female;49;Philippines;142711.74;5;
Kennett Rennie;Male;88;Peru;22907.63;3;Vegetarian
Lauretta Callender;Female;61;Poland;92725.35;0;Fish Allergies
Carina Olennikov;Female;68;Sweden;125955.07;1;
Tim Josilevich;Male;66;Ukraine;85617.65;2;Gluten free
Stanford Guilliatt;Male;40;Poland;67046.39;0;Ketogenic
Ethe McGoon;Male;23;China;110299.67;2;
Rockie Denziloe;Genderqueer;36;Philippines;71218.73;1;
Emelyne Jays;Female;31;Czech Republic;29993.54;2;
Windham Wyldes;Male;32;United States;81978.43;0;
Brooks Leipoldt;Female;28;Brazil;118295.26;0;Gluten free
Yorgo Getty;Male;78;Indonesia;149147.30;2;
Lorrie Jessen;Male;65;Tunisia;23241.45;5;Fish Allergies
Ricard Golledge;Male;44;Czech Republic;41277.75;0;Lactose free
Sergeant Eveleigh;Male;23;Chile;40573.58;0;
Olly Dearan;Non-binary;88;Japan;39068.67;2;
Janek Gosdin;Male;31;China;77907.79;4;Ketogenic
Lev Airds;Male;79;Croatia;46426.68;4;Ketogenic
Daron Jacquemet;Female;55;Bolivia;133552.69;4;Ketogenic
Karon Baglan;Female;74;Poland;104232.62;1;
Cariotta Hankinson;Female;28;United States;80313.65;3;Nut Allergies
Ardenia Goodhay;Female;81;United States;114925.10;4;Paleo
Jenine Burrell;Female;55;Japan;124655.15;0;
Annora Diamond;Non-binary;40;Indonesia;35949.99;4;
Kaitlin Gingedale;Female;65;Mexico;37258.14;5;Vegan
Michele Dilke;Male;63;Panama;103358.00;0;Paleo
Man Jemmison;Male;60;China;135595.29;0;
Holmes Hair;Male;76;China;93892.17;2;FODMAP
Bearnard Kenion;Male;77;France;88433.29;4;
Jodie Sievewright;Male;86;Greece;103043.33;5;
Darsie Gennings;Female;81;Portugal;143055.61;3;
Camel Darrel;Female;78;Russia;50277.46;0;
Shandeigh Parlott;Female;43;China;79905.27;0;
Byrom Oldham;Bigender;46;Indonesia;65046.21;0;
Cherice Reubens;Female;30;Greece;42883.45;3;Gluten free
Salem Elizabeth;Male;46;Indonesia;79405.93;1;Gluten free
Erena Davidowsky;Female;65;El Salvador;111137.22;2;FODMAP
Fifine Whitcombe;Female;27;China;76200.99;4;
Mikey Ducker;Male;43;Latvia;147271.34;5;
Ignacius Farlambe;Male;33;China;124819.50;5;
Laura Astall;Female;31;Russia;29174.56;3;Paleo
Elicia Ticehurst;Polygender;27;China;74956.18;2;FODMAP
Weylin Vian;Male;53;Philippines;101237.55;0;Gluten free
Cherlyn Castelluzzi;Female;75;Indonesia;88862.78;5;
Jen Coye;Female;62;Indonesia;140504.40;3;Paleo
Charo Jenny;Female;73;China;128260.90;0;Vegetarian
Nellie Farraway;Female;55;Argentina;41976.70;4;
Marcie Magor;Female;75;China;128764.81;0;
Marlena McClymond;Female;19;Ecuador;70548.93;2;Fish Allergies
Marcie McGill;Female;70;China;126786.13;1;
Corny Nisen;Genderfluid;27;China;48279.44;3;Nut Allergies
Anatole Le Marquand;Male;53;Indonesia;147581.73;5;Vegetarian
Thurston Burgin;Male;38;Kazakhstan;41989.43;0;Ketogenic
Shawnee Jakubovitch;Female;58;Indonesia;21490.67;4;
Anallise Peckitt;Female;36;Dominican Republic;85556.47;2;Vegan
Cookie Wilkinson;Female;89;Croatia;81631.18;0;
Zsazsa Castelijn;Bigender;38;China;56867.33;0;Vegan
Anabel Hugnot;Female;86;Canada;120441.56;3;Lactose free
Merola Hentzer;Female;76;Poland;78209.95;0;Paleo
Ivett Bulger;Female;41;Philippines;72036.09;1;Nut Allergies
Anatollo Backhouse;Male;64;Bosnia and Herzegovina;36810.28;3;Paleo
Godfree Hanigan;Male;37;Costa Rica;101056.58;0;Gluten free
Aylmer Randles;Agender;89;Madagascar;137639.12;4;Gluten free
Dana Gorgen;Male;70;China;107917.55;4;Nut Allergies
Jenica Girardetti;Female;33;Nigeria;146223.42;5;
Sal Tredinnick;Male;76;Portugal;119794.98;0;Vegetarian
Kissiah Lanphere;Female;76;China;98441.63;3;Vegan
Kristine Ateggart;Female;37;China;75873.80;3;Fish Allergies
Magdaia Phil;Female;50;Spain;50948.65;1;
Lotta Rennebach;Female;21;Sweden;78842.00;0;Gluten free
Keith Nancarrow;Male;27;Egypt;61466.21;5;
Jordon Puden;Male;80;Bosnia and Herzegovina;23920.40;1;Vegan
Antin Cracker;Male;60;China;20266.59;5;
Sayre Boulger;Female;65;Portugal;49101.06;2;Vegetarian
Henrietta Whitlow;Female;66;Portugal;107421.22;3;Vegetarian
Basilio Naish;Male;55;Dominican Republic;121204.37;2;Ketogenic
Xaviera De Ortega;Female;80;Indonesia;132515.02;1;
Alika Bumpass;Female;26;Canada;79191.85;0;Vegetarian
Levey Shorthouse;Male;35;Ukraine;101318.43;4;Gluten free
Kory Attard;Male;40;Philippines;131272.69;0;Ketogenic
Etienne Corde;Male;27;Philippines;100682.32;4;Lactose free
Randie Harrie;Male;42;Serbia;129057.18;5;Fish Allergies
Joey Rayburn;Female;25;Indonesia;42454.14;3;
Edna Puttick;Female;47;China;119588.28;1;
Prudy Scally;Female;60;China;73896.02;0;Fish Allergies
Essy Dowden;Female;47;China;131034.36;2;
Becky Doogood;Female;30;France;46057.59;0;
Thelma Golston;Female;89;Argentina;80809.53;2;
Tonia Sunock;Female;79;China;79507.84;5;
Loydie Dearle-Palser;Male;77;China;102704.05;4;
Betti Fullager;Female;72;Indonesia;20282.71;3;
Devin Koopman;Male;25;Indonesia;113938.33;2;Fish Allergies
Jodi Adderson;Male;60;United States;85862.29;4;Vegetarian
Lolly Drury;Female;38;Peru;116840.90;4;
Adrianne Lubeck;Female;24;Russia;47818.40;5;Nut Allergies
Bertie Prangnell;Male;81;Bahamas;135769.44;1;
Quentin Smaling;Male;77;China;54497.27;3;Vegetarian
Hube Grimsdell;Male;32;China;98869.95;2;
Petunia Tofpik;Female;55;Poland;113624.26;0;Paleo
Deane Philips;Genderqueer;72;Finland;98088.26;2;
Cherie Fritschmann;Female;78;France;25365.67;1;
Pinchas Burdoun;Male;61;Philippines;103358.19;0;
Bobbie Claricoats;Female;88;Indonesia;95437.51;3;Fish Allergies
Tull Lawleff;Male;47;Philippines;74443.49;4;
Maribeth Heak;Female;19;Poland;74716.55;5;
Beatrix Thomel;Female;39;Sweden;124970.83;3;FODMAP
Tiler Booth-Jarvis;Male;81;Estonia;117310.07;2;
Rogers McMurtyr;Male;46;Argentina;46672.10;1;FODMAP
Gibbie Challes;Male;59;Russia;127048.25;3;Nut Allergies
Sebastien Gorelli;Male;70;Finland;30897.92;3;Paleo
Evelin Whales;Male;62;Hong Kong;121395.41;5;FODMAP
Dimitri Trattles;Male;26;China;48977.67;4;
Gaspard Bowmen;Male;81;Portugal;100767.00;5;Paleo
Roi Treffry;Male;40;Zimbabwe;88905.35;3;Paleo
Bonny Normansell;Female;27;Brazil;110053.11;1;Vegetarian
Courtney Gilhoolie;Female;87;France;89244.51;3;
Kristien Wollrauch;Female;27;Russia;147107.65;3;
Bartie Prisley;Polygender;35;Peru;130521.07;0;
Morgana Archibould;Female;30;Russia;53893.11;5;
Tallulah Brahmer;Female;64;Sweden;56071.21;3;
Sunny Sibun;Female;64;Croatia;92294.36;3;Lactose free
Corie Yurocjkin;Female;89;China;148563.99;4;Paleo
Bernita Fearnsides;Female;38;Indonesia;39042.80;1;
Fernande Godfrey;Female;89;Philippines;30562.01;0;Vegetarian
Birgit Risbrough;Female;71;China;34552.52;1;Vegan
Gwenny Coggell;Female;88;Afghanistan;88125.85;4;
Vite Di Francesco;Male;18;Malaysia;95943.10;3;
Carmencita Maude;Female;79;Philippines;47746.56;0;
Allx Braemer;Female;60;Czech Republic;109232.39;5;Gluten free
Freddie Vinas;Male;89;Greece;137409.54;2;
Sayres Shaves;Male;40;China;120271.73;2;
Ddene Gonthard;Female;82;Thailand;34815.01;0;
Christian Langcaster;Genderqueer;25;Indonesia;34013.75;1;
Shelli Lidgertwood;Female;85;Mongolia;119385.70;1;Vegan
Fanni Navan;Female;87;Indonesia;34787.62;0;
Hayley Leijs;Female;24;Poland;61919.02;5;
Christy Beamand;Male;46;China;35631.45;4;FODMAP
Fredrika Cordingly;Female;64;China;41171.64;3;FODMAP
Bibi Echallie;Female;38;Germany;119363.59;4;
Erminie Viant;Non-binary;28;South Korea;145145.68;0;Vegetarian
Peirce Victory;Male;18;Indonesia;107478.39;4;Vegan
Elisa Phillp;Female;51;China;35904.67;0;Gluten free
Elwyn Albin;Male;57;China;101453.77;2;
Dniren Kirwin;Non-binary;35;China;32072.93;2;Vegetarian
Trudy Littleton;Female;90;Argentina;92484.08;2;Fish Allergies
Barbie Hannaway;Female;72;Indonesia;45660.11;0;Gluten free
Camel Awde;Female;43;Russia;40299.85;3;Nut Allergies
Issi Bafford;Female;21;Gabon;112230.21;0;
Grantley de Pinna;Male;90;Brazil;46691.99;2;
Maureene Youthed;Female;79;Croatia;26100.66;5;Lactose free
Tara Yedy;Female;23;United States;88104.38;1;
Estrella Slamaker;Female;31;Belarus;121487.25;0;
Iolanthe Howship;Female;66;Brazil;123798.41;5;
Darnell Pearcy;Male;28;Russia;86168.16;4;Gluten free
Malena Lovewell;Genderfluid;39;Brazil;76361.31;2;Fish Allergies
Wallis Top;Male;71;Russia;22578.34;2;Vegan
Rosalinda Merner;Female;83;France;122820.56;0;
Britni Crosgrove;Female;50;Indonesia;99981.83;1;
Humberto Gairdner;Male;36;Russia;128403.96;0;
Felicio Guerro;Male;86;Sweden;48493.58;4;
Noni Stoggles;Female;52;China;129513.69;4;Gluten free
Aubrey Mabb;Female;40;Hungary;28563.17;1;
Dru Scriviner;Female;55;Saudi Arabia;114397.64;2;
Newton Gribbell;Male;44;Portugal;113486.81;4;Ketogenic
Julio Maciejewski;Male;73;Togo;118041.00;5;FODMAP
Erinn Riccardini;Female;63;Russia;92997.54;5;FODMAP
Evan Casbolt;Male;47;Portugal;38920.24;0;Vegetarian
Sarette Mewe;Female;75;Brazil;139471.54;1;
Wenona Youde;Female;62;China;118606.12;0;Lactose free
Amandy Ansley;Female;69;France;85544.17;3;
Faythe Lathaye;Female;80;Canada;77520.18;4;Vegan
Peri Wride;Female;35;China;28717.67;4;Gluten free
Ruperta Lalevee;Genderfluid;20;Colombia;103199.61;1;
Cordelie Hills;Female;70;Colombia;61097.58;4;
Bobette Berka;Female;70;China;61750.25;2;
Eustacia MacWilliam;Female;43;Russia;22908.22;4;Paleo
Flor Madgett;Female;31;Indonesia;124900.93;5;Fish Allergies
Elvera Linnitt;Female;26;Russia;136583.88;4;
Micah Stygall;Male;48;France;104892.62;2;
Janessa Theakston;Female;21;China;42081.64;2;Vegetarian
Waring Oakshott;Male;42;Czech Republic;90956.09;5;
Devan Heller;Polygender;26;Bangladesh;62323.34;5;Ketogenic
Cobb Selkirk;Male;81;Georgia;29854.25;0;Ketogenic
Essie Tappin;Female;19;Argentina;94853.55;2;
Danny Andrys;Genderqueer;57;Macedonia;135746.91;1;
Willy Littefair;Female;62;Mongolia;103468.98;1;Nut Allergies
Adria Bendel;Female;78;Russia;108329.60;5;Nut Allergies
Claude Antcliffe;Female;45;Vietnam;114749.49;0;Lactose free
Randi Lavis;Male;83;Azerbaijan;85652.46;5;
Fidelity Malpass;Female;37;United Kingdom;35246.71;0;Nut Allergies
Zacharie Ibbett;Non-binary;76;Greece;101275.42;1;
Jess Prium;Male;34;Indonesia;31082.06;4;
Connie Rannells;Male;51;France;32366.18;4;Vegetarian
Nickey Beaty;Male;74;Sweden;133138.66;4;Lactose free
Reeta Cypler;Female;43;Argentina;55744.22;4;
Roldan Leedes;Non-binary;80;Norway;133662.87;0;
Dietrich Ayscough;Male;29;Philippines;62206.52;4;
Selinda Flukes;Female;90;Indonesia;70408.18;0;Vegetarian
Sylvan Thorn;Male;54;Philippines;31962.34;2;Paleo
Aldin Churchyard;Male;42;Portugal;42976.37;4;Ketogenic
Elfrieda Lemme;Female;19;China;37939.68;0;Vegetarian
Marlane McDade;Female;86;Benin;48260.52;4;
Petronille Adame;Female;28;Madagascar;49726.87;5;
Karee Mellodey;Female;73;Indonesia;72333.28;0;
Aldis Nairns;Male;19;Czech Republic;73838.09;2;FODMAP
Adam Maryan;Male;86;Ukraine;78135.36;3;
Mary Dorking;Female;85;China;20304.79;5;Lactose free
Robinetta Marritt;Bigender;36;Canada;87462.27;1;
Codi MacCumiskey;Male;60;Indonesia;132422.13;5;
Romain Papa;Male;73;China;105258.88;3;
Blanche Latek;Female;45;Paraguay;139153.21;3;Gluten free
Preston Lackham;Male;18;China;68616.17;5;
Nadean Maas;Female;90;Colombia;93734.73;4;Vegan
Candie Gronav;Female;43;Japan;122751.29;3;FODMAP
Kirk Scole;Male;89;Syria;122892.70;0;Lactose free
Hayes Burtenshaw;Male;67;Guadeloupe;76728.42;5;
Hatty Disdel;Bigender;85;Indonesia;114328.68;4;
Derron Davidi;Male;41;Russia;143675.55;4;
Giacopo Seals;Male;47;Indonesia;70427.07;1;Vegan
Rodi Warburton;Female;42;Philippines;119677.26;3;Vegetarian
Marcellus Heffernon;Male;74;Mexico;82750.81;3;
Matthaeus Spendlove;Male;18;Bulgaria;115894.17;2;Ketogenic
Edmon Shiel;Male;87;Indonesia;108320.86;3;Vegetarian
Terrel Syvret;Male;22;Croatia;26800.81;0;Lactose free
Nadine Coopper;Female;49;Japan;91447.43;1;Vegetarian
Sheridan Knowlman;Genderfluid;55;China;140891.16;0;Lactose free
Stefan Dust;Male;80;China;56609.87;4;
Korella Iacovone;Genderfluid;68;Brazil;132488.93;2;Gluten free
Tawsha Naerup;Female;52;France;69403.39;5;
Celesta Otton;Female;26;United States;99954.80;5;
Cobby Bodleigh;Bigender;73;Indonesia;116870.31;1;Lactose free
Vaughan Whitsey;Male;34;Thailand;53655.46;2;Paleo
Susette Hallibone;Female;78;Venezuela;143995.33;2;FODMAP
Alexandro Palomba;Male;21;France;59064.09;2;
Roseanna McCobb;Female;37;Sweden;113283.43;2;
Ignatius Keynd;Male;52;France;37276.93;3;Fish Allergies
Dell Noah;Male;82;Brazil;30415.03;4;Vegetarian
Parker Hankin;Male;79;China;77067.58;4;
Donnajean Barosch;Non-binary;74;China;70167.20;0;
Price Legrand;Male;35;Indonesia;81846.21;2;FODMAP
Vladamir Breagan;Male;19;Croatia;140453.93;4;
Virgil Barrim;Male;22;Canada;51386.75;5;
Ara Wimsett;Male;56;China;124560.08;3;Gluten free
Langston Fidal;Male;20;China;60474.53;4;Lactose free
Sylvia Noke;Female;56;South Africa;149048.56;1;
Rivkah Eslemont;Female;59;Russia;105785.99;4;
Tilly Fairchild;Female;19;Spain;97915.13;2;Vegetarian
Legra Norville;Female;86;Vietnam;72330.09;2;Gluten free
Julina Whyteman;Female;61;Japan;89921.43;2;Nut Allergies
Saba Walby;Female;22;Colombia;59076.10;0;
Carla Headley;Female;47;Wallis and Futuna;135966.36;1;
Marin Tarbett;Female;30;Philippines;89574.23;3;
Kinny Applin;Genderqueer;88;Chile;95676.63;1;FODMAP
Culley Badger;Male;26;Philippines;116835.81;4;
Pace Normandale;Male;51;Indonesia;85113.47;4;
Zacharie Benz;Male;61;Botswana;33069.98;0;FODMAP
Winn Tremblot;Male;70;Indonesia;129870.21;2;Vegetarian
Carline Blasius;Female;33;China;47937.40;4;Nut Allergies
Ashbey Fihelly;Male;87;Philippines;140916.74;5;
Dorella Huntar;Female;38;Portugal;33150.77;2;
Ramon Alchin;Male;27;China;54561.61;5;Paleo
Amandy Nials;Female;19;Russia;123580.51;2;Fish Allergies
Tate Gillum;Female;35;United States;106010.30;4;Gluten free
Blondelle Woodward;Genderfluid;61;France;43248.43;2;Paleo
Alvan Wileman;Male;35;China;52797.59;4;Ketogenic
Shawn Figures;Male;21;Sierra Leone;52715.21;2;Lactose free
Janith Panton;Female;51;Kazakhstan;53343.11;1;
Sergeant Zanicchi;Male;72;Argentina;128090.70;1;
Eolanda Diwell;Female;53;Iran;117096.36;5;
Elly Penright;Female;61;Czech Republic;33494.37;3;
Lowell McGilleghole;Male;55;France;135771.84;0;
Annie Klugman;Female;68;Philippines;119345.96;0;
Doralin McAusland;Female;60;China;37693.25;3;
Pen Dawton;Male;28;Poland;115463.39;2;Paleo
Abbie Bassom;Female;47;Ukraine;136119.34;5;
Ibrahim Sweetsur;Male;62;Philippines;42148.14;2;Vegetarian
Bob Garwill;Male;21;China;21921.16;3;Vegetarian
Jelene Cantrill;Female;90;Thailand;125152.26;1;
Candie Bampford;Female;56;Russia;55140.83;5;FODMAP
Row Rozier;Female;84;China;83097.67;1;Lactose free
Bogart Pineaux;Male;46;Philippines;73922.77;1;Vegan
Haywood Du Plantier;Male;74;Russia;130541.09;4;Vegan
Agneta Temby;Female;54;United States;101397.82;5;Nut Allergies
Meier Keyho;Male;82;Honduras;97513.47;3;
Latrena Giff;Female;48;Finland;120484.12;0;Vegetarian
Essa McCrow;Female;58;Philippines;32825.81;0;
Waldon Goody;Male;24;Panama;142337.16;2;Vegetarian
Jeffry Warret;Genderqueer;20;China;97404.85;5;Nut Allergies
Chloris Kehoe;Female;28;United States;43436.52;2;
Leora Pallister;Female;48;Indonesia;54023.12;4;
Halie Wind;Female;90;Vietnam;148461.56;4;FODMAP
Reinaldo Dronsfield;Male;68;Brazil;46876.95;4;
Rosamond Dickey;Female;19;France;136195.33;1;
Charlean Waters;Female;48;China;76594.40;2;Ketogenic
Kali Cochern;Female;83;Indonesia;58037.69;1;
Glenine Roistone;Female;20;El Salvador;118916.64;4;Vegetarian
Quentin Becom;Female;76;Thailand;92945.54;2;
Prissie Buncher;Female;43;Poland;122303.34;4;
Lindon Cutmere;Male;49;Greece;142896.00;2;
Averil Von Oertzen;Female;54;Brazil;102658.61;0;Vegan
Ninnetta Bernetti;Female;25;China;111474.77;0;
Jeremiah Bernocchi;Male;67;China;124509.99;0;
Sayer Cranmere;Male;50;Netherlands;107970.19;0;Paleo
Brenna Tooher;Female;66;Indonesia;68550.52;0;
Shelley Heliot;Male;39;China;44249.10;5;Vegetarian
Abbe Lyons;Male;59;Canada;67262.03;3;Vegetarian
Kelly Lindenblatt;Male;63;China;138632.12;0;
Dolorita Gorbell;Female;51;Sweden;34778.74;4;
Dore Morison;Male;52;Libya;139803.22;2;
Arnuad Bradnocke;Male;38;Venezuela;120332.72;3;Vegetarian
Isador Withrop;Polygender;19;Portugal;105251.53;3;
Brendon Theyer;Male;80;Iran;89437.40;2;
Tommie Moult;Male;48;Chad;64783.23;3;Ketogenic
Etan Alelsandrowicz;Male;84;Brazil;70424.39;5;
Nikola Giacomuzzi;Male;18;France;65716.96;1;
Fifine Desesquelle;Female;60;Russia;48123.62;5;
Sharron Cicconetti;Female;46;China;67416.84;1;Nut Allergies
Arlene Pichan;Female;59;Costa Rica;87544.16;4;
Harli Liverseege;Female;18;United Kingdom;60131.81;2;Fish Allergies
Debbie Treske;Female;33;Japan;73846.71;1;
Victoria Covelle;Female;80;France;87430.83;0;Nut Allergies
Linnea Dublin;Female;49;Colombia;109726.79;5;
Maryjo Allnutt;Female;42;Tajikistan;44619.34;1;
Shanie Luffman;Female;66;Venezuela;75244.96;3;Fish Allergies
Abrahan Meyer;Male;61;Indonesia;113315.39;2;
Josepha Yare;Polygender;30;Russia;49641.71;3;
Donnell Driffill;Male;90;Philippines;148799.89;5;FODMAP
Cletus Gittoes;Male;64;Colombia;86458.47;4;Vegetarian
Melloney Shearwood;Female;70;China;143090.16;2;Lactose free
Elnar Giles;Male;21;Indonesia;26927.93;1;
Faith Parrington;Female;58;Nigeria;83469.51;4;Nut Allergies
Larina Westwater;Female;54;China;126399.99;4;Nut Allergies
Luisa Dilawey;Female;28;China;55495.35;1;
Camila Flowitt;Female;80;Argentina;123014.41;5;
Pebrook Tookill;Male;50;France;144983.46;3;
Ty McCague;Male;64;China;87142.29;0;
Alain Alster;Male;57;Japan;68285.62;0;
Raimondo Nel;Male;69;Swaziland;83295.92;5;FODMAP
Ev Stollsteimer;Polygender;38;Japan;98416.09;1;
Elias Walne;Male;59;Sweden;63835.31;1;Vegetarian
Tiff MacNeilage;Female;60;Thailand;71421.59;1;
Isidro Ascough;Male;69;Indonesia;70044.85;2;
Geri Teek;Male;26;France;132739.81;1;Paleo
Rooney Cottle;Male;45;Japan;32564.45;3;
Irene Geering;Female;53;China;29754.54;1;
Jammal Van Der Hoog;Male;88;Tajikistan;52796.41;5;
Fara Wisby;Female;20;Colombia;20416.04;4;Nut Allergies
Pinchas Tearny;Polygender;69;French Polynesia;66211.70;0;
Mozes Sylett;Male;20;China;126904.75;1;Vegan
Imojean Fenney;Female;20;Portugal;94098.91;5;
Jackson Chrishop;Male;59;Philippines;40038.57;4;Ketogenic
Hayes Woodage;Male;71;Mongolia;129581.22;3;
Norby Girogetti;Male;47;Croatia;91099.92;2;Vegetarian
Lauren Asgodby;Genderqueer;52;United States;33969.84;2;
Quinn Rosenthal;Female;88;United States;76706.22;1;
Joaquin D'Alessandro;Male;82;Jamaica;33401.43;0;FODMAP
Nani Crocken;Agender;21;Slovenia;73877.10;1;
Michele Spatoni;Male;23;Indonesia;109333.03;2;Vegan
Karrah Stittle;Female;78;Ukraine;118261.40;0;Paleo
Nico Olsson;Male;48;Greece;126990.78;2;Lactose free
Chandler Jeannesson;Male;86;Ukraine;25635.98;4;Lactose free
Ozzie Grinnov;Male;30;Czech Republic;100587.61;2;Nut Allergies
Arturo Chopy;Male;64;Philippines;117392.57;2;Vegetarian
Evangeline Kilmary;Female;60;China;101670.42;0;Vegetarian
Pennie Lindenbaum;Female;20;Philippines;32529.02;3;FODMAP
Mellicent Thirst;Female;46;Portugal;134249.57;2;Fish Allergies
Phil Boothebie;Male;39;Ukraine;135335.02;0;
Charlie Bottini;Male;82;United States;85402.11;2;Ketogenic
Hadley Armal;Male;88;Indonesia;24143.32;4;
Sarette Haynes;Polygender;46;United States;123851.46;0;Ketogenic
Cecilla Veryard;Female;68;China;29997.34;1;
Uri Geroldi;Male;40;Canada;65967.33;5;Paleo
Muffin Angrave;Male;18;Russia;93165.22;2;Vegetarian
Morganica Hattiff;Non-binary;82;Panama;33066.48;0;
Gayler Dellenbrok;Male;60;China;24214.01;3;Gluten free
Gilberte Bartleet;Female;65;Philippines;134006.96;4;Fish Allergies
Lelia Danilishin;Female;74;Japan;140076.07;3;
Cello Nyland;Male;19;Russia;77060.44;4;
Susette Starie;Female;87;Ukraine;78820.50;4;
Clea Wadelin;Female;66;Togo;25566.35;0;
Deonne Futty;Female;46;Argentina;64559.02;4;
Eustacia Rudyard;Female;52;Indonesia;128053.24;2;Vegan
Jessamine Folder;Female;79;China;67927.45;1;
Moishe Scourge;Male;35;Russia;77934.66;1;Vegetarian
Farrel Arbuckle;Male;22;Russia;141939.92;4;Vegetarian
Archibald Vanni;Male;66;France;112726.15;3;
Brandea Reddyhoff;Female;23;Portugal;86700.94;1;
Allene Skechley;Female;53;China;89972.46;1;
Trevor Herculeson;Male;50;France;110809.72;4;
Hollyanne Hallick;Female;85;China;124050.88;1;Vegan
Chas Matussov;Male;77;France;138434.39;2;
Merrilee Kreuzer;Female;63;Indonesia;64262.77;1;
Janna MacNeillie;Female;89;China;117455.07;4;
Maurie Fydo;Genderqueer;67;China;81943.61;5;
Abra Jeannet;Female;51;Vietnam;77957.34;1;
Garreth Estoile;Male;80;South Africa;101363.45;3;Gluten free
Ingelbert Corrigan;Male;83;Argentina;75046.79;2;
Berty Fullilove;Male;53;Philippines;56214.91;4;
Erin Jessep;Male;65;China;136560.39;3;Vegetarian
Dalt Tolwood;Male;87;Poland;24643.43;2;
Clemmy Cullen;Female;83;Japan;65202.90;1;
Adriana Migheli;Female;22;South Africa;44541.27;5;Nut Allergies
Mel Tyre;Male;28;Nigeria;115770.15;5;
Erhard Mantrup;Male;66;Belarus;116920.37;2;Gluten free
Bonnie McKyrrelly;Female;48;Finland;62172.53;4;
Augusta Ponde;Female;53;United States;145219.46;0;
Dmitri Lothlorien;Male;38;South Korea;53281.89;3;
Isidoro Laidler;Male;75;China;124236.08;1;
Jeanie Drysdale;Genderqueer;54;Poland;106191.23;3;Ketogenic
Panchito Sellar;Male;75;Thailand;145357.74;5;Gluten free
Klement Uttermare;Male;62;Ukraine;124166.90;2;Nut Allergies
Ewan Jupe;Male;57;Thailand;68202.15;3;Vegetarian
Alleen Yegorkin;Female;76;Greece;57137.40;3;Fish Allergies
Nanete Olivetti;Female;90;Indonesia;62528.82;4;
Sarine Haine;Female;54;United States;50271.49;1;Lactose free
Oberon Charopen;Male;52;Ireland;24819.56;0;FODMAP
Benji Ellesworthe;Male;79;Indonesia;21819.18;4;Ketogenic
Babita Christopherson;Female;64;Brazil;77355.56;1;
Cody Gerriessen;Female;56;Sweden;102362.07;1;
Daffie Watmore;Non-binary;86;Kyrgyzstan;84704.18;2;Vegan
Crin Scrase;Female;22;Philippines;24571.70;0;
Daren Fury;Genderqueer;82;Indonesia;38624.54;1;
Denys Billiard;Male;38;Indonesia;68095.98;4;
Wilow Levermore;Non-binary;41;Philippines;54045.93;3;
Daria Gronno;Female;75;Ireland;64011.38;3;Nut Allergies
Evelin Gilhouley;Male;74;Indonesia;141780.65;4;
Gipsy Lightewood;Female;31;Finland;52647.03;2;Nut Allergies
Derrick O'Reilly;Male;37;Uzbekistan;56110.61;5;
Waring Fearnehough;Male;20;Canada;21988.16;5;
Riannon Jiri;Female;67;Indonesia;102608.27;4;Vegetarian
Rafe McLellan;Male;57;Morocco;52270.30;4;Nut Allergies
Zorana Boog;Female;84;United States;31089.41;1;Fish Allergies
Warde Quidenham;Male;71;Indonesia;65625.36;0;Lactose free
Rourke Tapley;Male;73;Indonesia;58179.72;1;
Layton Whicher;Male;47;Poland;103449.55;2;Fish Allergies
Brooke Kilgour;Male;19;Ukraine;33721.44;5;
Kimberley Malser;Female;83;Iran;20603.23;2;
Rowland Carde;Male;22;Brazil;54212.52;4;Vegetarian
Paul Raybould;Male;82;Vietnam;51050.93;5;Vegan
Tera Croose;Female;27;China;27391.48;0;
Stephan Garrud;Male;86;Russia;101633.15;4;
Chauncey Moynham;Male;71;China;100322.79;3;Lactose free
Arlen Iban;Male;42;Indonesia;125695.72;5;Vegan
Pembroke Hasslocher;Male;52;Italy;147671.04;5;
Paquito Leadbeater;Male;37;Finland;49839.88;0;Vegetarian
Kristin Goldin;Female;90;Thailand;80302.83;0;
York Dewen;Male;90;Ireland;80065.67;4;
Stinky Robjohns;Male;19;Indonesia;63260.29;2;Vegetarian
Arin Learned;Male;61;China;126888.27;2;Fish Allergies
Olenolin Langlois;Male;40;China;53960.12;0;
Norma Mathivon;Female;44;Indonesia;62350.38;5;Fish Allergies
Grazia Woodrow;Female;75;China;104083.50;3;
Codee Quaif;Female;19;Serbia;111431.83;1;
Novelia Sellars;Female;34;China;106450.02;1;
Lutero Rudland;Male;49;Thailand;128460.20;4;Vegetarian
Nissa Swanton;Female;69;Indonesia;94512.81;3;Vegan
Arielle Bayless;Female;90;Greece;34296.75;1;Ketogenic
Laetitia Okell;Female;56;Russia;81911.64;2;Gluten free
Taddeo Andrzejewski;Agender;18;Canada;79929.12;2;
Millard Neary;Male;22;Iraq;88644.70;4;Vegan
Skyler Drain;Male;35;South Korea;54219.41;3;Ketogenic
Kara-lynn Collis;Female;23;Serbia;132023.90;4;
Drusi Busain;Female;76;China;148708.34;3;Gluten free
Giustina Dossettor;Female;87;China;72244.37;3;
Archie Abelov;Male;45;Lebanon;42506.07;4;
Theodore Bootes;Male;69;China;118510.10;5;Vegetarian
Marla Dargan;Female;41;Philippines;53294.56;5;
Derrick Staning;Male;21;China;91651.08;5;
Shanna Hazle;Female;41;Ireland;49695.67;1;
Darn Twydell;Male;42;Jamaica;98558.31;2;
Morlee Halwill;Male;37;Brazil;137226.35;3;Nut Allergies
Abbie Farherty;Non-binary;78;United States;45111.71;5;Paleo
Bari Biscomb;Female;60;China;101172.20;3;Nut Allergies
Darcie Hedgecock;Female;74;Indonesia;69585.14;5;Ketogenic
Bat Lalevee;Male;87;Cambodia;97954.53;0;Gluten free
Emelyne Wilshere;Female;54;Nigeria;21449.58;1;
Amos Rubury;Male;68;China;35717.02;4;Paleo
Frants Barnaby;Male;34;Indonesia;135115.15;1;
Adele Diboll;Female;76;China;116812.69;4;Nut Allergies
Gavin Borne;Male;24;Poland;33101.20;3;
Rosaline Demongeot;Female;76;Indonesia;37112.29;5;Gluten free
Nels Patron;Male;36;Sweden;96243.66;2;
Celestyna Tofano;Female;49;China;66733.84;0;Vegetarian
Hester Laurenty;Female;58;China;73692.95;5;Fish Allergies
Myrlene Borghese;Female;89;China;139495.31;3;
Kalle Chestnut;Male;58;United States;132092.95;2;Fish Allergies
Marlo Corpe;Female;58;Poland;107207.88;2;Ketogenic
Harbert Laurisch;Male;44;China;26468.89;0;Vegan
Marlo Ceely;Male;26;China;126455.76;5;Vegan
Eydie Ruprich;Agender;73;China;136957.75;3;Gluten free
Merrielle Chaffer;Female;69;Philippines;21039.35;1;Lactose free
Katinka Lownds;Female;81;Jordan;83529.12;3;
Dosi MacAndreis;Female;84;Afghanistan;89316.60;1;Paleo
Sonnnie Cossar;Female;48;Japan;114143.86;3;
Vickie Manser;Female;50;Czech Republic;40262.89;3;
Kingsly Antonias;Male;88;Indonesia;54809.91;4;
Adham Lampett;Male;78;Indonesia;24673.31;0;FODMAP
Doloritas Heinzel;Female;66;France;40874.91;3;
Brucie Warriner;Male;55;Indonesia;145561.82;0;
Caralie Chrippes;Female;30;Colombia;104196.24;5;Vegetarian
Gabby Wadsworth;Male;20;China;129881.67;5;
Fraze Purrier;Male;18;Colombia;27236.30;2;Paleo
Annetta Danilewicz;Female;83;Philippines;103787.63;3;
Evy Newby;Female;57;Poland;127483.79;1;Fish Allergies
Druci Philpots;Female;42;Portugal;28547.11;3;
Erin Giacoboni;Agender;56;Poland;81475.80;3;
Elvis Scrivens;Male;55;China;72891.56;4;
Rozamond Shackesby;Female;71;Indonesia;43688.44;5;
Massimiliano Horsfield;Male;56;Philippines;20278.66;3;Gluten free
Murdoch Willingam;Male;23;New Zealand;40947.97;1;
Maurie Gallihawk;Agender;79;France;142441.51;4;
La verne Davydoch;Genderqueer;19;Sweden;30521.01;4;FODMAP
Romain McQueen;Polygender;84;Bangladesh;22914.94;3;
Dayle Raittie;Female;35;Germany;83755.75;4;Nut Allergies
Aluin McKeever;Male;45;China;79845.05;2;Ketogenic
Millard Passingham;Male;68;France;100096.23;2;Fish Allergies
Carlie Champerlen;Female;28;Indonesia;73734.45;4;
Patty De Wolfe;Female;67;Ireland;77052.10;4;
Haskel Mustoe;Male;37;Japan;29772.08;2;Vegan
Gabriel Kenion;Male;48;Brazil;88931.45;3;Lactose free
Kalie Leupoldt;Female;47;Indonesia;28775.10;5;
Phedra Bilham;Female;74;China;22491.43;2;Lactose free
Antonio Sarson;Male;51;China;62376.49;5;
Pepi McIlvaney;Female;23;Norway;65351.54;1;Ketogenic
Pat Faldoe;Male;41;China;56001.94;5;
Hortense Emeney;Bigender;20;China;127781.52;1;Paleo
Darrick Bortoloni;Male;64;China;39116.85;5;
Ros Bedow;Polygender;57;China;141068.56;1;Nut Allergies
Caril Adolphine;Female;41;Brazil;147260.53;5;Gluten free
Gizela Gindghill;Female;23;United States;143015.52;3;
Rory Spelwood;Male;29;Uzbekistan;37052.71;4;
Cathyleen Redihough;Female;76;Switzerland;99237.85;1;
Hildegaard Cassius;Female;67;Indonesia;137070.07;2;
Lara Mersh;Female;61;France;135529.24;1;
Jerrylee Giorgioni;Female;80;Dominican Republic;66501.79;0;
Kane Noye;Male;36;Philippines;51717.64;0;
Teddie Whitlow;Male;54;Bosnia and Herzegovina;71368.29;2;
Ambrosio Yate;Male;83;Thailand;20091.66;3;
Marcille Larwood;Genderfluid;79;Portugal;23642.62;1;
Bellina Stafford;Female;82;Haiti;141030.15;3;Paleo
Smitty Darnbrough;Male;34;Brazil;23488.75;4;Gluten free
Irving Tumielli;Male;39;Denmark;48116.09;2;
Garret Newbegin;Male;20;France;136101.76;5;
Alasteir Scanlan;Male;60;Russia;77024.07;4;Vegetarian
Gallagher Montague;Male;31;Japan;25320.38;4;Ketogenic
Myrta Bickerdicke;Female;20;South Africa;137714.33;1;
Elke Davys;Female;57;Poland;76758.10;3;
Dorian Flewett;Male;37;France;55986.38;2;
Linnell Luff;Female;25;Madagascar;104663.69;3;Ketogenic
Hannah Rosenfeld;Female;21;Benin;144930.98;0;
Lyssa Kochs;Female;28;Denmark;146184.31;4;Vegetarian
Tansy Robet;Female;83;China;45018.15;5;Fish Allergies
Hillier Crumbleholme;Male;74;China;130158.73;5;
Fraser Laffranconi;Male;26;Pakistan;40449.04;0;
Halli Arpur;Female;79;Equatorial Guinea;127151.79;1;Vegan
Augusto Janiak;Male;50;French Polynesia;75237.64;3;Lactose free
Coleman Brunker;Male;30;Vietnam;78464.91;1;Nut Allergies
Nisse Strond;Female;44;Switzerland;143421.72;4;Paleo
Mitzi Rickell;Female;85;Tunisia;87672.71;2;
Fowler Chamberlen;Male;28;China;81622.80;0;
Shepperd Geaveny;Male;52;Czech Republic;38475.25;4;
Chicky Breston;Male;18;Madagascar;118833.44;5;Vegetarian
Leontine Bruce;Female;88;Portugal;33085.25;1;Gluten free
Rockwell Tuvey;Male;47;Bahamas;88632.92;2;Vegan
Mabel Armal;Female;35;Indonesia;52084.53;3;Paleo
Hyatt Pyett;Male;21;Philippines;103090.72;2;Fish Allergies
Bertrando Laux;Male;20;China;67075.49;2;Paleo
Orland Firth;Male;73;Czech Republic;32390.06;3;Paleo
Bevvy Verdey;Female;20;Philippines;108460.46;0;
Napoleon Huyghe;Male;80;China;68157.39;1;Vegan
Daryn Tohill;Female;38;France;75597.29;3;
Ardyce Joss;Female;43;Indonesia;55884.25;0;
Kendell Bounde;Male;18;Greece;121074.01;2;
Kathryne Mitrikhin;Female;48;Thailand;133978.53;0;Vegan
Rebecka Hatchard;Female;70;China;117123.54;4;Paleo
Debby Mariaud;Female;79;Philippines;24021.53;5;
Lamont Eccleshall;Male;38;Spain;120761.49;4;
Tobie Dowden;Male;61;Greece;105410.46;2;Ketogenic
Dniren Isakov;Female;67;United States;137694.64;5;Gluten free
Dominik Gilbert;Male;75;China;88442.81;5;Vegan
Shurlocke McClay;Male;61;Colombia;89478.98;3;
Gregor Stopp;Male;19;United States;104542.41;3;
Brett Jeannaud;Female;26;Thailand;86156.25;3;
Jessamine Alfonzo;Female;18;Indonesia;53039.01;1;
Noemi Grasha;Female;60;Nigeria;100349.41;4;Fish Allergies
Carita Bonhan;Female;31;Mozambique;138479.96;2;
Lena Dobbin;Female;64;Indonesia;145054.62;1;Vegetarian
Athena Kunkler;Female;47;China;96843.73;0;Vegetarian
Noah Iozefovich;Male;48;Dominican Republic;24203.68;4;Lactose free
Lucretia Pauletti;Non-binary;30;Portugal;132954.63;1;Vegetarian
Meris Denslow;Female;83;Philippines;121978.73;0;Ketogenic
Lyman Madrell;Male;65;Denmark;47013.55;2;
Adey Sherewood;Female;66;Albania;69660.64;4;
Barbette MacKeever;Female;18;Iran;49468.57;1;
Neddie Abrahamsen;Male;35;Canada;92722.11;5;Fish Allergies
Gavin Songer;Male;82;Iran;141712.31;5;Gluten free
Stanley Dabnor;Male;85;Indonesia;29872.46;4;Fish Allergies
Marti Clunan;Female;34;Kenya;80735.34;4;
Michael Sheepy;Male;64;Indonesia;43260.22;3;Vegan
Felice Impey;Male;36;Portugal;132289.18;5;
Ginni Staunton;Female;84;Thailand;51581.77;1;
Wheeler Costain;Male;39;United States;82455.95;1;Gluten free
Irvin Le Bosse;Male;42;Hungary;51906.47;2;Vegetarian
Curry Jollie;Male;18;Russia;56643.92;2;
Onfroi Sidgwick;Male;61;China;115356.48;4;Paleo
Alaric Binks;Bigender;20;China;117403.29;2;
Ingar Handyside;Male;29;Costa Rica;137391.72;1;Vegetarian
Tiffy Blanchette;Female;20;Afghanistan;32637.52;5;Nut Allergies
Marlane Letherbury;Non-binary;42;Indonesia;52512.90;4;
Glori Hoffmann;Female;53;Kyrgyzstan;111483.94;0;Vegan
Land Stenhouse;Male;65;Argentina;123147.45;5;
Ham Canario;Male;73;China;100533.02;4;
Hephzibah Grinter;Genderqueer;67;Greece;30704.08;4;FODMAP
Celisse Mattimoe;Female;57;Greece;75184.05;3;FODMAP
Frederique Domini;Female;54;Indonesia;131280.05;1;Lactose free
Rowena Caramuscia;Female;56;China;100124.67;0;
Rosalinda Bernholt;Polygender;46;Sweden;56552.97;5;FODMAP
Issy Sandbrook;Female;28;Mexico;72558.36;4;Paleo
Winny Phil;Female;44;Colombia;113460.84;3;Gluten free
Blondy Fairall;Female;51;Russia;62842.52;3;Paleo
Edin Crean;Female;85;Macedonia;88679.96;0;
Morna Enticknap;Female;42;China;130057.79;1;Fish Allergies
Kayle Mayo;Female;18;Indonesia;45564.16;4;
Trescha Collier;Female;51;Palestinian Territory;22646.22;3;
Nico Preskett;Male;69;China;130267.43;1;
Tadeas Cowlin;Male;33;Brazil;23122.13;0;Vegan
Amery Celle;Male;80;China;48062.52;3;Vegan
Junie Golightly;Non-binary;63;Indonesia;73162.22;3;Fish Allergies
Else MacCurlye;Female;90;Sweden;101708.69;4;Vegetarian
Rhodia Mitchely;Female;89;China;54023.58;5;
Alanah Abbis;Female;24;Japan;43058.87;2;Ketogenic
Lela Doucette;Female;39;Armenia;98112.62;2;FODMAP
Dolly Hillatt;Female;90;Indonesia;138433.10;2;Paleo
Lorena Koppens;Agender;57;Peru;110179.90;0;
Gail Kingh;Female;23;Bosnia and Herzegovina;109863.55;2;
Aubry Stump;Female;54;Latvia;99800.63;2;Fish Allergies
Lindy Harrisson;Female;89;United States;62386.66;5;Nut Allergies
Corette Abrahamsen;Female;22;Mexico;35623.43;2;
Kirsti Accum;Female;49;Russia;71869.29;4;
Juliana Reinisch;Female;62;Russia;119664.59;3;
Consuela Blaw;Female;27;Ukraine;25695.19;4;Lactose free
Jacinta Pryde;Female;43;China;32180.05;2;Gluten free
Lannie Haslehurst;Male;55;Ecuador;100184.19;1;
Nicolais Dutnall;Male;88;Indonesia;118278.89;5;Ketogenic
Ellerey Olivi;Male;62;Russia;63302.17;1;Ketogenic
Marion Christofor;Female;34;China;49143.77;1;
Corbet Jarnell;Male;37;Indonesia;60057.90;2;Paleo
Ferris Maling;Male;80;United States;94217.81;5;
Brier Ben-Aharon;Female;52;China;141291.50;0;
Dehlia Junifer;Female;33;Russia;21264.18;0;Lactose free
Correy Orsman;Male;69;China;52321.89;4;
Rafaellle Wildey;Male;29;France;79085.85;0;Ketogenic
Kathrine Ivanyushkin;Female;58;China;45335.91;2;
Ashia Newman;Female;87;Oman;98513.59;3;Ketogenic
Bourke Noriega;Male;81;Russia;57824.12;3;
Ware Chantillon;Male;49;Pakistan;126541.43;3;